<?xml version="1.0" encoding="UTF-8"?>
<project-private xmlns="http://www.netbeans.org/ns/project-private/1">
    <editor-bookmarks xmlns="http://www.netbeans.org/ns/editor-bookmarks/2" lastBookmarkId="0"/>
    <open-files xmlns="http://www.netbeans.org/ns/projectui-open-files/2">
        <group>
            <file>file:/G:/Necessary%20Files/NetBeansProjects/Escort%20Personal%20Adz/search-ads.php</file>
            <file>file:/G:/Necessary%20Files/NetBeansProjects/Escort%20Personal%20Adz/post-ad-2.php</file>
            <file>file:/G:/Necessary%20Files/NetBeansProjects/Escort%20Personal%20Adz/includes/search-ads-inc.php</file>
            <file>file:/G:/Necessary%20Files/NetBeansProjects/Escort%20Personal%20Adz/user-profile.php</file>
            <file>file:/G:/Necessary%20Files/NetBeansProjects/Escort%20Personal%20Adz/includes/search-ads-filter-inc.php</file>
            <file>file:/G:/Necessary%20Files/NetBeansProjects/Escort%20Personal%20Adz/AdminDashboard/index-admin.php</file>
            <file>file:/G:/Necessary%20Files/NetBeansProjects/Escort%20Personal%20Adz/index.php</file>
            <file>file:/G:/Necessary%20Files/NetBeansProjects/Escort%20Personal%20Adz/includes/user-profile-content.php</file>
            <file>file:/G:/Necessary%20Files/NetBeansProjects/Escort%20Personal%20Adz/includes/sign-out-inc.php</file>
            <file>file:/G:/Necessary%20Files/NetBeansProjects/Escort%20Personal%20Adz/includes/sign-in-inc.php</file>
            <file>file:/G:/Necessary%20Files/NetBeansProjects/Escort%20Personal%20Adz/css/index/index-custom.css</file>
        </group>
    </open-files>
</project-private>
